type,classID,className,pid,updateNum,url
Game,369,Anthem,45,0,http://datafanthfuloss.oss-cn-shanghai.aliyuncs.com/cpsupload/pic/20190215151003980592.png
Game,168,Assassin's Creed,45,0,http://datafanthfuloss.oss-cn-shanghai.aliyuncs.com/cpsupload/pic/20171106122502394540.png
Game,225,Battlefield,45,0,http://datafanthfuloss.oss-cn-shanghai.aliyuncs.com/cpsupload/pic/20170914112505097054.png
Game,205,Call of Duty,45,0,http://datafanthfuloss.oss-cn-shanghai.aliyuncs.com/cpsupload/pic/20180319121104754497.png
Game,172,Dark Souls,45,0,http://datafanthfuloss.oss-cn-shanghai.aliyuncs.com/cpsupload/pic/20170903154602617764.png
Game,371,Devil May Cry 5,45,0,http://datafanthfuloss.oss-cn-shanghai.aliyuncs.com/cpsupload/pic/20190227212001721698.png
Game,239,Monster Hunter,45,0,http://datafanthfuloss.oss-cn-shanghai.aliyuncs.com/cpsupload/pic/20170916105600730272.png
Game,208,Nintendo,45,0,http://datafanthfuloss.oss-cn-shanghai.aliyuncs.com/cpsupload/pic/20180319121105585980.png
Game,306,Kirby,45,0,http://datafanthfuloss.oss-cn-shanghai.aliyuncs.com/cpsupload/pic/20180301193203273629.png
Game,186,Overwatch,45,0,http://datafanthfuloss.oss-cn-shanghai.aliyuncs.com/cpsupload/pic/20171106144104086729.png
Game,187,PlayStation,45,0,http://datafanthfuloss.oss-cn-shanghai.aliyuncs.com/cpsupload/pic/20180319115400299166.png
Game,190,Resident Evil/Biohazard,45,0,http://datafanthfuloss.oss-cn-shanghai.aliyuncs.com/cpsupload/pic/20171106145004212477.png
Game,191,Super Mario,45,0,http://datafanthfuloss.oss-cn-shanghai.aliyuncs.com/cpsupload/pic/20180319115305051005.png
Game,234,The Division,45,0,http://datafanthfuloss.oss-cn-shanghai.aliyuncs.com/cpsupload/pic/20170915104802838609.png
Game,199,Zelda,45,0,http://datafanthfuloss.oss-cn-shanghai.aliyuncs.com/cpsupload/pic/20180319115205027655.png
Game,180,Halo,45,0,http://datafanthfuloss.oss-cn-shanghai.aliyuncs.com/cpsupload/pic/20171106143901524663.png
Game,177,Fallout,45,0,http://datafanthfuloss.oss-cn-shanghai.aliyuncs.com/cpsupload/pic/20180319115403043249.png
Game,184,Metal Gear Solid,45,0,http://datafanthfuloss.oss-cn-shanghai.aliyuncs.com/cpsupload/pic/20180319121004157942.png
Game,291,Final Fantasy,45,0,http://datafanthfuloss.oss-cn-shanghai.aliyuncs.com/cpsupload/pic/20171105184203317476.png
Game,272,Sonic,45,0,http://datafanthfuloss.oss-cn-shanghai.aliyuncs.com/cpsupload/pic/20180319121101817919.png
Game,194,Titanfall,45,0,http://datafanthfuloss.oss-cn-shanghai.aliyuncs.com/cpsupload/pic/20171106150102876623.png
Game,197,The Witcher,45,0,http://datafanthfuloss.oss-cn-shanghai.aliyuncs.com/cpsupload/pic/20171106153001267436.png
Game,192,The Elder Scrolls,45,0,http://datafanthfuloss.oss-cn-shanghai.aliyuncs.com/cpsupload/pic/20171106150004418663.png
Game,195,Uncharted,45,0,http://datafanthfuloss.oss-cn-shanghai.aliyuncs.com/cpsupload/pic/20170901122902879021.png
Game,263,Destiny,45,0,http://datafanthfuloss.oss-cn-shanghai.aliyuncs.com/cpsupload/pic/20170916142101045996.png
Game,185,Minecraft,45,0,http://datafanthfuloss.oss-cn-shanghai.aliyuncs.com/cpsupload/pic/20171106152205410929.png
Game,182,Horizon Zero Dawn,45,0,http://datafanthfuloss.oss-cn-shanghai.aliyuncs.com/cpsupload/pic/20171106144100312511.png
Game,169,Bioshock,45,0,http://datafanthfuloss.oss-cn-shanghai.aliyuncs.com/cpsupload/pic/20171106122804279310.png
Game,170,Bloodborne,45,0,http://datafanthfuloss.oss-cn-shanghai.aliyuncs.com/cpsupload/pic/20171106123904026879.png
Game,171,Borderlands,45,0,http://datafanthfuloss.oss-cn-shanghai.aliyuncs.com/cpsupload/pic/20171106135301039045.png
Game,173,Dead Island,45,0,http://datafanthfuloss.oss-cn-shanghai.aliyuncs.com/cpsupload/pic/20171106135603532586.png
Game,174,Deus Ex,45,0,http://datafanthfuloss.oss-cn-shanghai.aliyuncs.com/cpsupload/pic/20171106135604713154.png
Game,175,Dishonored,45,0,http://datafanthfuloss.oss-cn-shanghai.aliyuncs.com/cpsupload/pic/20171106140300023984.png
Game,176,DOOM,45,0,http://datafanthfuloss.oss-cn-shanghai.aliyuncs.com/cpsupload/pic/20180319115305691097.png
Game,210,Dragon Age,45,0,http://datafanthfuloss.oss-cn-shanghai.aliyuncs.com/cpsupload/pic/20180319121103869903.png
Game,238,Fire Emblem,45,0,http://datafanthfuloss.oss-cn-shanghai.aliyuncs.com/cpsupload/pic/20170916100701870781.png
Game,265,Five Nights at Freddy's,45,0,http://datafanthfuloss.oss-cn-shanghai.aliyuncs.com/cpsupload/pic/20170916142702331487.png
Game,178,Gears Of War,45,0,http://datafanthfuloss.oss-cn-shanghai.aliyuncs.com/cpsupload/pic/20171106140605866768.png
Game,179,God Of War,45,0,http://datafanthfuloss.oss-cn-shanghai.aliyuncs.com/cpsupload/pic/20180515123803094971.png
Game,279,Ghost Recon Wildlands,45,0,http://datafanthfuloss.oss-cn-shanghai.aliyuncs.com/cpsupload/pic/20170918161301551061.png
Game,220,HearthStone,45,0,http://datafanthfuloss.oss-cn-shanghai.aliyuncs.com/cpsupload/pic/20170908202800727119.png
Game,275,Journey,45,0,http://datafanthfuloss.oss-cn-shanghai.aliyuncs.com/cpsupload/pic/20170918155904811797.png
Game,229,Killzone,45,0,http://datafanthfuloss.oss-cn-shanghai.aliyuncs.com/cpsupload/pic/20170915112004279519.png
Game,299,Little Big Planet,45,0,http://datafanthfuloss.oss-cn-shanghai.aliyuncs.com/cpsupload/pic/20180108151305243888.png
Game,183,Mass Effect,45,0,http://datafanthfuloss.oss-cn-shanghai.aliyuncs.com/cpsupload/pic/20171106152600364032.png
Game,276,Monument Valley,45,0,http://datafanthfuloss.oss-cn-shanghai.aliyuncs.com/cpsupload/pic/20170918155904841959.png
Game,289,Mario Rabbids KingdomBattle,45,0,http://datafanthfuloss.oss-cn-shanghai.aliyuncs.com/cpsupload/pic/20171023151001482571.png
Game,214,Mafia 3,45,0,http://datafanthfuloss.oss-cn-shanghai.aliyuncs.com/cpsupload/pic/20180319120905490170.png
Game,235,Naughty Dog,45,0,http://datafanthfuloss.oss-cn-shanghai.aliyuncs.com/cpsupload/pic/20171106151005016044.png
Game,360,NieR Automata,45,0,http://datafanthfuloss.oss-cn-shanghai.aliyuncs.com/cpsupload/pic/20180912114001445744.png
Game,188,Portal,45,0,http://datafanthfuloss.oss-cn-shanghai.aliyuncs.com/cpsupload/pic/20171106144903536064.png
Game,189,Prey,45,0,http://datafanthfuloss.oss-cn-shanghai.aliyuncs.com/cpsupload/pic/20170901121503750833.png
Game,261,Pokemon,45,0,http://datafanthfuloss.oss-cn-shanghai.aliyuncs.com/cpsupload/pic/20170916141605414967.png
Game,288,Persona 5,45,0,http://datafanthfuloss.oss-cn-shanghai.aliyuncs.com/cpsupload/pic/20171023143201446733.png
Game,361,PUBG,45,0,http://datafanthfuloss.oss-cn-shanghai.aliyuncs.com/cpsupload/pic/20180914141602712028.png
Game,227,Quantum Break,45,0,http://datafanthfuloss.oss-cn-shanghai.aliyuncs.com/cpsupload/pic/20170914103701476932.png
Game,283,Quake,45,0,http://datafanthfuloss.oss-cn-shanghai.aliyuncs.com/cpsupload/pic/20171106145001190635.png
Game,224,ReCore,45,0,http://datafanthfuloss.oss-cn-shanghai.aliyuncs.com/cpsupload/pic/20180319121204749893.png
Game,219,Rocket League,45,0,http://datafanthfuloss.oss-cn-shanghai.aliyuncs.com/cpsupload/pic/20170907194205235690.png
Game,223,ShovelKnight,45,0,http://datafanthfuloss.oss-cn-shanghai.aliyuncs.com/cpsupload/pic/20170909120005316549.png
Game,203,Street Fighter,45,0,http://datafanthfuloss.oss-cn-shanghai.aliyuncs.com/cpsupload/pic/20170904144004453911.png
Game,285,Splatoon,45,0,http://datafanthfuloss.oss-cn-shanghai.aliyuncs.com/cpsupload/pic/20170919120605194955.png
Game,243,StarFox,45,0,http://datafanthfuloss.oss-cn-shanghai.aliyuncs.com/cpsupload/pic/20170916111403914152.png
Game,314,StarCraft,45,0,http://datafanthfuloss.oss-cn-shanghai.aliyuncs.com/cpsupload/pic/20180330170505247404.png
Game,193,The Last of Us,45,0,http://datafanthfuloss.oss-cn-shanghai.aliyuncs.com/cpsupload/pic/20171106145303478007.png
Game,218,Team Fortress 2,45,0,http://datafanthfuloss.oss-cn-shanghai.aliyuncs.com/cpsupload/pic/20170907184902810775.png
Game,339,Arms,45,0,http://datafanthfuloss.oss-cn-shanghai.aliyuncs.com/cpsupload/pic/20180502181701772311.png
Game,241,Tomb Raider,45,0,http://datafanthfuloss.oss-cn-shanghai.aliyuncs.com/cpsupload/pic/20170916105204886762.png
Game,257,The Last Guardian,45,0,http://datafanthfuloss.oss-cn-shanghai.aliyuncs.com/cpsupload/pic/20170916141802449113.png
Game,231,World of Warcraft,45,0,http://datafanthfuloss.oss-cn-shanghai.aliyuncs.com/cpsupload/pic/20170915112204945557.png
Game,196,WatchDogs,45,0,http://datafanthfuloss.oss-cn-shanghai.aliyuncs.com/cpsupload/pic/20170916105003881097.png
Game,198,Wolfenstein,45,0,http://datafanthfuloss.oss-cn-shanghai.aliyuncs.com/cpsupload/pic/20180319115405578342.png
Game,233,XCOM2,45,0,http://datafanthfuloss.oss-cn-shanghai.aliyuncs.com/cpsupload/pic/20170915120400890564.png
Game,292,Crash Bandicoot,45,0,http://datafanthfuloss.oss-cn-shanghai.aliyuncs.com/cpsupload/pic/20171105183602058856.png
Game,297,The Evil Within,45,0,http://datafanthfuloss.oss-cn-shanghai.aliyuncs.com/cpsupload/pic/20180105120005137863.png
Game,298,Ace Attorney,45,0,http://datafanthfuloss.oss-cn-shanghai.aliyuncs.com/cpsupload/pic/20180105150501867192.png
Game,301,Counter Strike,45,0,http://datafanthfuloss.oss-cn-shanghai.aliyuncs.com/cpsupload/pic/20180111154903052743.png
Game,302,Farcry,45,0,http://datafanthfuloss.oss-cn-shanghai.aliyuncs.com/cpsupload/pic/20180118112505517056.png
Game,305,Pillars of Eternity,45,0,http://datafanthfuloss.oss-cn-shanghai.aliyuncs.com/cpsupload/pic/20180222175102919142.png
Game,331,Magic The Gathering,45,0,http://datafanthfuloss.oss-cn-shanghai.aliyuncs.com/cpsupload/pic/20180523175702925608.png
Game,344,Paradox,45,0,http://datafanthfuloss.oss-cn-shanghai.aliyuncs.com/cpsupload/pic/20180724185305018216.png
Game,349,We Happy Few,45,0,http://datafanthfuloss.oss-cn-shanghai.aliyuncs.com/cpsupload/pic/20180821155204954799.png
Game,363,Mirror's Edge,45,0,http://datafanthfuloss.oss-cn-shanghai.aliyuncs.com/cpsupload/pic/20170916095803995201.png
Game,365,Megaman,45,0,http://datafanthfuloss.oss-cn-shanghai.aliyuncs.com/cpsupload/pic/20181206124103161292.png
Game,372,Dragon Quest,45,0,http://datafanthfuloss.oss-cn-shanghai.aliyuncs.com/cpsupload/pic/20190305105602522430.png
Film,368,Alita: Battle Angel,43,0,http://datafanthfuloss.oss-cn-shanghai.aliyuncs.com/cpsupload/pic/20190115031202444718.png
Film,249,Aliens,43,0,http://datafanthfuloss.oss-cn-shanghai.aliyuncs.com/cpsupload/pic/20170916111505059582.png
Film,313,Avengers：Infinity War,43,0,http://datafanthfuloss.oss-cn-shanghai.aliyuncs.com/cpsupload/pic/20180324011405812973.png
Film,373,Captain Marvel,43,0,http://datafanthfuloss.oss-cn-shanghai.aliyuncs.com/cpsupload/pic/20190307171003113775.png
Film,342,Deadpool,43,0,http://datafanthfuloss.oss-cn-shanghai.aliyuncs.com/cpsupload/pic/20180719115903373636.png
Film,347,Ralph Breaks the Internet,43,0,http://datafanthfuloss.oss-cn-shanghai.aliyuncs.com/cpsupload/pic/20180813191701033409.png
Film,356,Wizarding World,43,0,http://datafanthfuloss.oss-cn-shanghai.aliyuncs.com/cpsupload/pic/20180910164102260069.png
Film,341,Ant-Man,43,0,http://datafanthfuloss.oss-cn-shanghai.aliyuncs.com/cpsupload/pic/20180719123604254266.png
Film,202,JUSTICE LEAGUE,43,0,http://datafanthfuloss.oss-cn-shanghai.aliyuncs.com/cpsupload/pic/20170918122901732172.png
Film,340,Predator,43,0,http://datafanthfuloss.oss-cn-shanghai.aliyuncs.com/cpsupload/pic/20180719113305970690.png
Film,236,Star Wars,43,0,http://datafanthfuloss.oss-cn-shanghai.aliyuncs.com/cpsupload/pic/20171106152504532579.png
Film,315,The Incredibles 2,43,0,http://datafanthfuloss.oss-cn-shanghai.aliyuncs.com/cpsupload/pic/20180403180002013661.png
Film,165,Warcraft,43,0,http://datafanthfuloss.oss-cn-shanghai.aliyuncs.com/cpsupload/pic/20171106152200287981.png
Film,270,Wonder Woman,43,0,http://datafanthfuloss.oss-cn-shanghai.aliyuncs.com/cpsupload/pic/20170918162003725120.png
Film,248,Batman v Superman,43,0,http://datafanthfuloss.oss-cn-shanghai.aliyuncs.com/cpsupload/pic/20170916111300947931.png
Film,244,Captain America Civil War,43,0,http://datafanthfuloss.oss-cn-shanghai.aliyuncs.com/cpsupload/pic/20170916110800441987.png
Film,280,Guardians of the Galaxy,43,0,http://datafanthfuloss.oss-cn-shanghai.aliyuncs.com/cpsupload/pic/20170918161301565128.png
Film,163,Ghost in the shell,43,0,http://datafanthfuloss.oss-cn-shanghai.aliyuncs.com/cpsupload/pic/20171106143002875633.png
Film,200,Suicide Squad,43,0,http://datafanthfuloss.oss-cn-shanghai.aliyuncs.com/cpsupload/pic/20180319115303253028.png
Film,268,The Godfather,43,0,http://datafanthfuloss.oss-cn-shanghai.aliyuncs.com/cpsupload/pic/20170916143300959283.png
Film,250,AngryBirds,43,0,http://datafanthfuloss.oss-cn-shanghai.aliyuncs.com/cpsupload/pic/20170916111002647473.png
Film,267,Batman：The Dark Knight,43,0,http://datafanthfuloss.oss-cn-shanghai.aliyuncs.com/cpsupload/pic/20170916143200268613.png
Film,246,James Bond 007,43,0,http://datafanthfuloss.oss-cn-shanghai.aliyuncs.com/cpsupload/pic/20170916110901177195.png
Film,209,Star Trek,43,0,http://datafanthfuloss.oss-cn-shanghai.aliyuncs.com/cpsupload/pic/20170905164405958290.png
Film,216,Sin City,43,0,http://datafanthfuloss.oss-cn-shanghai.aliyuncs.com/cpsupload/pic/20170906121702415880.png
Film,226,Superman Man of Steel,43,0,http://datafanthfuloss.oss-cn-shanghai.aliyuncs.com/cpsupload/pic/20170914103104946001.png
Film,273,The Hunger Games,43,0,http://datafanthfuloss.oss-cn-shanghai.aliyuncs.com/cpsupload/pic/20171106145200399053.png
Film,269,The Hateful Eight,43,0,http://datafanthfuloss.oss-cn-shanghai.aliyuncs.com/cpsupload/pic/20170916143904616822.png
Film,295,The Hobbit,43,0,http://datafanthfuloss.oss-cn-shanghai.aliyuncs.com/cpsupload/pic/20171122124402216562.png
Film,338,Blade Runner,43,0,http://datafanthfuloss.oss-cn-shanghai.aliyuncs.com/cpsupload/pic/20180502181701776892.png
Film,348,Transformers,43,0,http://datafanthfuloss.oss-cn-shanghai.aliyuncs.com/cpsupload/pic/20180817102305034034.png
Film,359,Minions,43,0,http://datafanthfuloss.oss-cn-shanghai.aliyuncs.com/cpsupload/pic/20180911172404019279.png
TV,351,Friends,42,0,http://datafanthfuloss.oss-cn-shanghai.aliyuncs.com/cpsupload/pic/20180830200700649420.png
TV,284,Rick and Morty,42,0,http://datafanthfuloss.oss-cn-shanghai.aliyuncs.com/cpsupload/pic/20170916135904341206.png
TV,282,South Park,42,0,http://datafanthfuloss.oss-cn-shanghai.aliyuncs.com/cpsupload/pic/20170918171201143534.png
TV,161,Game of Thrones,42,0,http://datafanthfuloss.oss-cn-shanghai.aliyuncs.com/cpsupload/pic/20170905161505584280.png
TV,162,The Walking Dead,42,0,http://datafanthfuloss.oss-cn-shanghai.aliyuncs.com/cpsupload/pic/20171106150702481230.png
TV,204,Breaking Bad,42,0,http://datafanthfuloss.oss-cn-shanghai.aliyuncs.com/cpsupload/pic/20170906124305467491.png
TV,206,Sherlock,42,0,http://datafanthfuloss.oss-cn-shanghai.aliyuncs.com/cpsupload/pic/20170905111702489293.png
TV,215,The Big Bang Theory,42,0,http://datafanthfuloss.oss-cn-shanghai.aliyuncs.com/cpsupload/pic/20170906122603526190.png
TV,260,Doctor Who,42,0,http://datafanthfuloss.oss-cn-shanghai.aliyuncs.com/cpsupload/pic/20170916141401499393.png
TV,262,Arrow,42,0,http://datafanthfuloss.oss-cn-shanghai.aliyuncs.com/cpsupload/pic/20170916141903766397.png
TV,266,Supergirl,42,0,http://datafanthfuloss.oss-cn-shanghai.aliyuncs.com/cpsupload/pic/20170916143002384788.png
Comic,167,DC,44,0,http://datafanthfuloss.oss-cn-shanghai.aliyuncs.com/cpsupload/pic/20180319114503175480.png
Comic,201,MARVEL,44,0,http://datafanthfuloss.oss-cn-shanghai.aliyuncs.com/cpsupload/pic/20170903162504878393.png
Comic,364,Spider-Man,44,0,http://datafanthfuloss.oss-cn-shanghai.aliyuncs.com/cpsupload/pic/20181010112602765676.png
Comic,207,Dragon Ball,44,0,http://datafanthfuloss.oss-cn-shanghai.aliyuncs.com/cpsupload/pic/20170905111300688528.png
Comic,251,Evangelion,44,0,http://datafanthfuloss.oss-cn-shanghai.aliyuncs.com/cpsupload/pic/20170916110001071077.png
Comic,255,Beserk,44,0,http://datafanthfuloss.oss-cn-shanghai.aliyuncs.com/cpsupload/pic/20170916142805099004.png
Comic,256,Re-Zero,44,0,http://datafanthfuloss.oss-cn-shanghai.aliyuncs.com/cpsupload/pic/20170916140903910945.png
Comic,258,Attack On Titan,44,0,http://datafanthfuloss.oss-cn-shanghai.aliyuncs.com/cpsupload/pic/20170916141100111779.png
Comic,259,Hatsune Miku,44,0,http://datafanthfuloss.oss-cn-shanghai.aliyuncs.com/cpsupload/pic/20170916141201470666.png
Comic,300,One Punch Man,44,0,http://datafanthfuloss.oss-cn-shanghai.aliyuncs.com/cpsupload/pic/20180108171302431934.png
Comic,309,Fate／Apocrypha,44,0,http://datafanthfuloss.oss-cn-shanghai.aliyuncs.com/cpsupload/pic/20180306133004551242.png
Comic,310,Dr.SLUMP ARALE CHAN,44,0,http://datafanthfuloss.oss-cn-shanghai.aliyuncs.com/cpsupload/pic/20180306133004585373.png
Comic,350,Disney,44,0,http://datafanthfuloss.oss-cn-shanghai.aliyuncs.com/cpsupload/pic/20180910163803491072.png
Comic,353,Hello Kitty,44,0,http://datafanthfuloss.oss-cn-shanghai.aliyuncs.com/cpsupload/pic/20180905205000893884.png
Comic,354,Rilakkuma,44,0,http://datafanthfuloss.oss-cn-shanghai.aliyuncs.com/cpsupload/pic/20180905210405818471.png
Comic,357,Snoopy,44,0,http://datafanthfuloss.oss-cn-shanghai.aliyuncs.com/cpsupload/pic/20180911154803825812.png
Comic,358,Initial D,44,0,http://datafanthfuloss.oss-cn-shanghai.aliyuncs.com/cpsupload/pic/20180911160104768644.png
Music,322,Metallica,46,0,http://datafanthfuloss.oss-cn-shanghai.aliyuncs.com/cpsupload/pic/20180502181701738392.pn
Music,323,Rolling Stones,46,0,http://datafanthfuloss.oss-cn-shanghai.aliyuncs.com/cpsupload/pic/20180502181701751896.pn
Music,230,Led Zeppelin,46,0,http://datafanthfuloss.oss-cn-shanghai.aliyuncs.com/cpsupload/pic/20170914202304515598.pn
Music,319,AC·DC,46,0,http://datafanthfuloss.oss-cn-shanghai.aliyuncs.com/cpsupload/pic/20180502181701713382.pn
Music,324,David Bowie,46,0,http://datafanthfuloss.oss-cn-shanghai.aliyuncs.com/cpsupload/pic/20180502181701753649.pn
Music,320,Pink Floyd,46,0,http://datafanthfuloss.oss-cn-shanghai.aliyuncs.com/cpsupload/pic/20180502181701716334.pn
Music,321,Guns’ n Roses,46,0,http://datafanthfuloss.oss-cn-shanghai.aliyuncs.com/cpsupload/pic/20180502181701729541.pn
图书,133,典藏版,35,0,http://datafanthfuloss.oss-cn-shanghai.aliyuncs.com/cpsupload/pic/20180226113004938202.png
图书,304,杂志,35,0,http://datafanthfuloss.oss-cn-shanghai.aliyuncs.com/cpsupload/pic/20180222120302911754.png
图书,129,攻略／指南,35,0,http://datafanthfuloss.oss-cn-shanghai.aliyuncs.com/cpsupload/pic/20180226113003677461.png
图书,130,游戏艺术／设定,35,0,http://datafanthfuloss.oss-cn-shanghai.aliyuncs.com/cpsupload/pic/20180226113304557413.png
图书,253,黑胶,35,0,http://datafanthfuloss.oss-cn-shanghai.aliyuncs.com/cpsupload/pic/20171107210803387529.png
图书,131,电影艺术／设定,35,0,http://datafanthfuloss.oss-cn-shanghai.aliyuncs.com/cpsupload/pic/20180226113101053089.png
图书,132,漫画,35,0,http://datafanthfuloss.oss-cn-shanghai.aliyuncs.com/cpsupload/pic/20180226113202620446.png
服饰,137,裤子,36,0,http://datafanthfuloss.oss-cn-shanghai.aliyuncs.com/cpsupload/pic/20180226112903566393.png
服饰,138,帽子,36,0,http://datafanthfuloss.oss-cn-shanghai.aliyuncs.com/cpsupload/pic/20180226113201999984.png
服饰,134,T恤,36,0,http://datafanthfuloss.oss-cn-shanghai.aliyuncs.com/cpsupload/pic/20180226112902821096.png
服饰,139,其他,36,0,http://datafanthfuloss.oss-cn-shanghai.aliyuncs.com/cpsupload/pic/20180226113004230862.png
服饰,135,长袖衫,36,0,http://datafanthfuloss.oss-cn-shanghai.aliyuncs.com/cpsupload/pic/20180226113100372906.png
服饰,136,外套,36,0,http://datafanthfuloss.oss-cn-shanghai.aliyuncs.com/cpsupload/pic/20180226113200086345.png
家居,140,艺术海报,37,0,http://datafanthfuloss.oss-cn-shanghai.aliyuncs.com/cpsupload/pic/20180226113102990563.png
家居,141,收藏画,37,0,http://datafanthfuloss.oss-cn-shanghai.aliyuncs.com/cpsupload/pic/20180226113205629916.png
家居,142,陶瓷杯,37,0,http://datafanthfuloss.oss-cn-shanghai.aliyuncs.com/cpsupload/pic/20180226113603042682.png
家居,143,玻璃杯,37,0,http://datafanthfuloss.oss-cn-shanghai.aliyuncs.com/cpsupload/pic/20180226112805963465.png
家居,370,小夜灯,37,0,http://datafanthfuloss.oss-cn-shanghai.aliyuncs.com/cpsupload/pic/20190220214201895289.png
家居,144,其他,37,0,http://datafanthfuloss.oss-cn-shanghai.aliyuncs.com/cpsupload/pic/20180226113002872599.png
模玩,145,可动手办,38,0,http://datafanthfuloss.oss-cn-shanghai.aliyuncs.com/cpsupload/pic/20180226113001025630.png
模玩,303,毛绒玩具,38,0,http://datafanthfuloss.oss-cn-shanghai.aliyuncs.com/cpsupload/pic/20180602011801017083.png
模玩,147,道具模型,38,0,http://datafanthfuloss.oss-cn-shanghai.aliyuncs.com/cpsupload/pic/20180226112900712340.png
模玩,148,雕像,38,0,http://datafanthfuloss.oss-cn-shanghai.aliyuncs.com/cpsupload/pic/20180226113001876794.png
模玩,334,多美卡小车,38,0,http://datafanthfuloss.oss-cn-shanghai.aliyuncs.com/cpsupload/pic/20180602012301538761.png
模玩,335,多美宝可梦,38,0,http://datafanthfuloss.oss-cn-shanghai.aliyuncs.com/cpsupload/pic/20180530094705456712.png
模玩,332,Good Smile,38,0,http://datafanthfuloss.oss-cn-shanghai.aliyuncs.com/cpsupload/pic/20180601165200712573.png
模玩,333,Hot Toys,38,0,http://datafanthfuloss.oss-cn-shanghai.aliyuncs.com/cpsupload/pic/20180328115300218267.png
模玩,146,不可动手办,38,0,http://datafanthfuloss.oss-cn-shanghai.aliyuncs.com/cpsupload/pic/20171107194802660671.png
模玩,346,LEGO,38,0,http://datafanthfuloss.oss-cn-shanghai.aliyuncs.com/cpsupload/pic/20180806222400657566.png
模玩,352,其他,38,0,http://datafanthfuloss.oss-cn-shanghai.aliyuncs.com/cpsupload/pic/20180830203305917196.png
饰品,151,挂绳,39,0,http://datafanthfuloss.oss-cn-shanghai.aliyuncs.com/cpsupload/pic/20180226113300529310.png
饰品,152,腕带,39,0,http://datafanthfuloss.oss-cn-shanghai.aliyuncs.com/cpsupload/pic/20180226112200780575.png
饰品,153,首饰,39,0,http://datafanthfuloss.oss-cn-shanghai.aliyuncs.com/cpsupload/pic/20180226112300178475.png
饰品,149,徽章,39,0,http://datafanthfuloss.oss-cn-shanghai.aliyuncs.com/cpsupload/pic/20180226112300981533.png
饰品,150,钥匙扣,39,0,http://datafanthfuloss.oss-cn-shanghai.aliyuncs.com/cpsupload/pic/20180226113302772031.png
箱包,156,单肩包,40,0,http://datafanthfuloss.oss-cn-shanghai.aliyuncs.com/cpsupload/pic/20180226113801837951.png
箱包,157,钱包／卡包,40,0,http://datafanthfuloss.oss-cn-shanghai.aliyuncs.com/cpsupload/pic/20180226113804567381.png
箱包,155,双肩包,40,0,http://datafanthfuloss.oss-cn-shanghai.aliyuncs.com/cpsupload/pic/20180226113201312923.png
文具,159,笔记本,41,0,http://datafanthfuloss.oss-cn-shanghai.aliyuncs.com/cpsupload/pic/20180226113301230057.png
文具,160,其它,41,0,http://datafanthfuloss.oss-cn-shanghai.aliyuncs.com/cpsupload/pic/20180226112303466044.png
Event,336,Party,49,0,http://datafanthfuloss.oss-cn-shanghai.aliyuncs.com/cpsupload/pic/20180613111704259742.jpg
